Title,Price,Price_Text,Rating,Availability,URL,Image_URL,Scraped_Date,Source
A Light in the Attic,51.77,£51.77,3,In stock,https://books.toscrape.com/catalogue/a-light-in-the-attic_1000/index.html,https://books.toscrape.com/media/cache/2c/da/2cdad67c44b002e7ead0cc35693c0e8b.jpg,2026-09-11 16:06:30.624968,books.toscrape.com
Tipping the Velvet,53.74,£53.74,1,In stock,https://books.toscrape.com/catalogue/tipping-the-velvet_999/index.html,https://books.toscrape.com/media/cache/26/0c/260c6ae16bce31c8f8c95daddd9f4a1c.jpg,2026-09-11 16:06:30.624968,books.toscrape.com
Soumission,50.1,£50.10,1,In stock,https://books.toscrape.com/catalogue/soumission_998/index.html,https://books.toscrape.com/media/cache/3e/ef/3eef99c9d9adef34639f510662022830.jpg,2026-09-11 16:06:30.624968,books.toscrape.com
Sharp Objects,47.82,£47.82,4,In stock,https://books.toscrape.com/catalogue/sharp-objects_997/index.html,https://books.toscrape.com/media/cache/32/51/3251cf3a3412f53f339e42cac2134093.jpg,2026-09-11 16:06:30.624968,books.toscrape.com
Sapiens: A Brief History of Humankind,54.23,£54.23,5,In stock,https://books.toscrape.com/catalogue/sapiens-a-brief-history-of-humankind_996/index.html,https://books.toscrape.com/media/cache/be/a5/bea5697f2534a2f86a3ef27b5a8c12a6.jpg,2026-09-11 16:06:30.624968,books.toscrape.com
The Requiem Red,22.65,£22.65,1,In stock,https://books.toscrape.com/catalogue/the-requiem-red_995/index.html,https://books.toscrape.com/media/cache/68/33/68339b4c9bc034267e1da611ab3b34f8.jpg,2026-09-11 16:06:30.624968,books.toscrape.com
The Dirty Little Secrets of Getting Your Dream Job,33.34,£33.34,4,In stock,https://books.toscrape.com/catalogue/the-dirty-little-secrets-of-getting-your-dream-job_994/index.html,https://books.toscrape.com/media/cache/92/27/92274a95b7c251fea59a2b8a78275ab4.jpg,2026-09-11 16:06:30.624968,books.toscrape.com
"The Coming Woman: A Novel Based on the Life of the Infamous Feminist, Victoria Woodhull",17.93,£17.93,3,In stock,https://books.toscrape.com/catalogue/the-coming-woman-a-novel-based-on-the-life-of-the-infamous-feminist-victoria-woodhull_993/index.html,https://books.toscrape.com/media/cache/3d/54/3d54940e57e662c4dd1f3ff00c78cc64.jpg,2026-09-11 16:06:30.624968,books.toscrape.com
The Boys in the Boat: Nine Americans and Their Epic Quest for Gold at the 1936 Berlin Olympics,22.6,£22.60,4,In stock,https://books.toscrape.com/catalogue/the-boys-in-the-boat-nine-americans-and-their-epic-quest-for-gold-at-the-1936-berlin-olympics_992/index.html,https://books.toscrape.com/media/cache/66/88/66883b91f6804b2323c8369331cb7dd1.jpg,2026-09-11 16:06:30.624968,books.toscrape.com
The Black Maria,52.15,£52.15,1,In stock,https://books.toscrape.com/catalogue/the-black-maria_991/index.html,https://books.toscrape.com/media/cache/58/46/5846057e28022268153beff6d352b06c.jpg,2026-09-11 16:06:30.624968,books.toscrape.com
"Starving Hearts (Triangular Trade Trilogy, #1)",13.99,£13.99,2,In stock,https://books.toscrape.com/catalogue/starving-hearts-triangular-trade-trilogy-1_990/index.html,https://books.toscrape.com/media/cache/be/f4/bef44da28c98f905a3ebec0b87be8530.jpg,2026-09-11 16:06:30.624968,books.toscrape.com
Shakespeare's Sonnets,20.66,£20.66,4,In stock,https://books.toscrape.com/catalogue/shakespeares-sonnets_989/index.html,https://books.toscrape.com/media/cache/10/48/1048f63d3b5061cd2f424d20b3f9b666.jpg,2026-09-11 16:06:30.624968,books.toscrape.com
Set Me Free,17.46,£17.46,5,In stock,https://books.toscrape.com/catalogue/set-me-free_988/index.html,https://books.toscrape.com/media/cache/5b/88/5b88c52633f53cacf162c15f4f823153.jpg,2026-09-11 16:06:30.624968,books.toscrape.com
Scott Pilgrim's Precious Little Life (Scott Pilgrim #1),52.29,£52.29,5,In stock,https://books.toscrape.com/catalogue/scott-pilgrims-precious-little-life-scott-pilgrim-1_987/index.html,https://books.toscrape.com/media/cache/94/b1/94b1b8b244bce9677c2f29ccc890d4d2.jpg,2026-09-11 16:06:30.624968,books.toscrape.com
Rip it Up and Start Again,35.02,£35.02,5,In stock,https://books.toscrape.com/catalogue/rip-it-up-and-start-again_986/index.html,https://books.toscrape.com/media/cache/81/c4/81c4a973364e17d01f217e1188253d5e.jpg,2026-09-11 16:06:30.624968,books.toscrape.com
"Our Band Could Be Your Life: Scenes from the American Indie Underground, 1981-1991",57.25,£57.25,3,In stock,https://books.toscrape.com/catalogue/our-band-could-be-your-life-scenes-from-the-american-indie-underground-1981-1991_985/index.html,https://books.toscrape.com/media/cache/54/60/54607fe8945897cdcced0044103b10b6.jpg,2026-09-11 16:06:30.624968,books.toscrape.com
Olio,23.88,£23.88,1,In stock,https://books.toscrape.com/catalogue/olio_984/index.html,https://books.toscrape.com/media/cache/55/33/553310a7162dfbc2c6d19a84da0df9e1.jpg,2026-09-11 16:06:30.624968,books.toscrape.com
Mesaerion: The Best Science Fiction Stories 1800-1849,37.59,£37.59,1,In stock,https://books.toscrape.com/catalogue/mesaerion-the-best-science-fiction-stories-1800-1849_983/index.html,https://books.toscrape.com/media/cache/09/a3/09a3aef48557576e1a85ba7efea8ecb7.jpg,2026-09-11 16:06:30.624968,books.toscrape.com
Libertarianism for Beginners,51.33,£51.33,2,In stock,https://books.toscrape.com/catalogue/libertarianism-for-beginners_982/index.html,https://books.toscrape.com/media/cache/0b/bc/0bbcd0a6f4bcd81ccb1049a52736406e.jpg,2026-09-11 16:06:30.624968,books.toscrape.com
It's Only the Himalayas,45.17,£45.17,2,In stock,https://books.toscrape.com/catalogue/its-only-the-himalayas_981/index.html,https://books.toscrape.com/media/cache/27/a5/27a53d0bb95bdd88288eaf66c9230d7e.jpg,2026-09-11 16:06:30.624968,books.toscrape.com
In Her Wake,12.84,£12.84,1,In stock,https://books.toscrape.com/in-her-wake_980/index.html,https://books.toscrape.com/media/cache/5d/72/5d72709c6a7a9584a4d1cf07648bfce1.jpg,2026-09-11 16:06:30.624968,books.toscrape.com
How Music Works,37.32,£37.32,2,In stock,https://books.toscrape.com/how-music-works_979/index.html,https://books.toscrape.com/media/cache/5c/c8/5cc8e107246cb478960d4f0aba1e1c8e.jpg,2026-09-11 16:06:30.624968,books.toscrape.com
"Foolproof Preserving: A Guide to Small Batch Jams, Jellies, Pickles, Condiments, and More: A Foolproof Guide to Making Small Batch Jams, Jellies, Pickles, Condiments, and More",30.52,£30.52,3,In stock,https://books.toscrape.com/foolproof-preserving-a-guide-to-small-batch-jams-jellies-pickles-condiments-and-more-a-foolproof-guide-to-making-small-batch-jams-jellies-pickles-condiments-and-more_978/index.html,https://books.toscrape.com/media/cache/9f/59/9f59f01fa916a7bb8f0b28a4012179a4.jpg,2026-09-11 16:06:30.624968,books.toscrape.com
Chase Me (Paris Nights #2),25.27,£25.27,5,In stock,https://books.toscrape.com/chase-me-paris-nights-2_977/index.html,https://books.toscrape.com/media/cache/9c/2e/9c2e0eb8866b8e3f3b768994fd3d1c1a.jpg,2026-09-11 16:06:30.624968,books.toscrape.com
Black Dust,34.53,£34.53,5,In stock,https://books.toscrape.com/black-dust_976/index.html,https://books.toscrape.com/media/cache/44/cc/44ccc99c8f82c33d4f9d2afa4ef25787.jpg,2026-09-11 16:06:30.624968,books.toscrape.com
Birdsong: A Story in Pictures,54.64,£54.64,3,In stock,https://books.toscrape.com/birdsong-a-story-in-pictures_975/index.html,https://books.toscrape.com/media/cache/af/6e/af6e796160fe63e0cf19d44395c7ddf2.jpg,2026-09-11 16:06:30.624968,books.toscrape.com
America's Cradle of Quarterbacks: Western Pennsylvania's Football Factory from Johnny Unitas to Joe Montana,22.5,£22.50,3,In stock,https://books.toscrape.com/americas-cradle-of-quarterbacks-western-pennsylvanias-football-factory-from-johnny-unitas-to-joe-montana_974/index.html,https://books.toscrape.com/media/cache/ef/0b/ef0bed08de4e083dba5e20fdb98d9c36.jpg,2026-09-11 16:06:30.624968,books.toscrape.com
Aladdin and His Wonderful Lamp,53.13,£53.13,3,In stock,https://books.toscrape.com/aladdin-and-his-wonderful-lamp_973/index.html,https://books.toscrape.com/media/cache/d6/da/d6da0371958068bbaf39ea9c174275cd.jpg,2026-09-11 16:06:30.624968,books.toscrape.com
Worlds Elsewhere: Journeys Around Shakespeare’s Globe,40.3,£40.30,5,In stock,https://books.toscrape.com/worlds-elsewhere-journeys-around-shakespeares-globe_972/index.html,https://books.toscrape.com/media/cache/2e/98/2e98c332bf8563b584784971541c4445.jpg,2026-09-11 16:06:30.624968,books.toscrape.com
Wall and Piece,44.18,£44.18,4,In stock,https://books.toscrape.com/wall-and-piece_971/index.html,https://books.toscrape.com/media/cache/a5/41/a5416b9646aaa7287baa287ec2590270.jpg,2026-09-11 16:06:30.624968,books.toscrape.com
The Four Agreements: A Practical Guide to Personal Freedom,17.66,£17.66,5,In stock,https://books.toscrape.com/the-four-agreements-a-practical-guide-to-personal-freedom_970/index.html,https://books.toscrape.com/media/cache/0f/7e/0f7ee69495c0df1d35723f012624a9f8.jpg,2026-09-11 16:06:30.624968,books.toscrape.com
The Five Love Languages: How to Express Heartfelt Commitment to Your Mate,31.05,£31.05,3,In stock,https://books.toscrape.com/the-five-love-languages-how-to-express-heartfelt-commitment-to-your-mate_969/index.html,https://books.toscrape.com/media/cache/38/c5/38c56fba316c07305643a8065269594e.jpg,2026-09-11 16:06:30.624968,books.toscrape.com
The Elephant Tree,23.82,£23.82,5,In stock,https://books.toscrape.com/the-elephant-tree_968/index.html,https://books.toscrape.com/media/cache/5d/7e/5d7ecde8e81513eba8a64c9fe000744b.jpg,2026-09-11 16:06:30.624968,books.toscrape.com
The Bear and the Piano,36.89,£36.89,1,In stock,https://books.toscrape.com/the-bear-and-the-piano_967/index.html,https://books.toscrape.com/media/cache/cf/bb/cfbb5e62715c6d888fd07794c9bab5d6.jpg,2026-09-11 16:06:30.624968,books.toscrape.com
Sophie's World,15.94,£15.94,5,In stock,https://books.toscrape.com/sophies-world_966/index.html,https://books.toscrape.com/media/cache/65/71/6571919836ec51ed54f0050c31d8a0cd.jpg,2026-09-11 16:06:30.624968,books.toscrape.com
Penny Maybe,33.29,£33.29,3,In stock,https://books.toscrape.com/penny-maybe_965/index.html,https://books.toscrape.com/media/cache/12/53/1253c21c5ef3c6d075c5fa3f5fecee6a.jpg,2026-09-11 16:06:30.624968,books.toscrape.com
Maude (1883-1993):She Grew Up with the country,18.02,£18.02,2,In stock,https://books.toscrape.com/maude-1883-1993she-grew-up-with-the-country_964/index.html,https://books.toscrape.com/media/cache/f5/88/f5889d038f5d8e949b494d147c2dcf54.jpg,2026-09-11 16:06:30.624968,books.toscrape.com
"In a Dark, Dark Wood",19.63,£19.63,1,In stock,https://books.toscrape.com/in-a-dark-dark-wood_963/index.html,https://books.toscrape.com/media/cache/23/85/238570a1c284e730dbc737a7e631ae2b.jpg,2026-09-11 16:06:30.624968,books.toscrape.com
Behind Closed Doors,52.22,£52.22,4,In stock,https://books.toscrape.com/behind-closed-doors_962/index.html,https://books.toscrape.com/media/cache/e1/5c/e15c289ba58cea38519e1281e859f0c1.jpg,2026-09-11 16:06:30.624968,books.toscrape.com
You can't bury them all: Poems,33.63,£33.63,2,In stock,https://books.toscrape.com/you-cant-bury-them-all-poems_961/index.html,https://books.toscrape.com/media/cache/e9/20/e9203b733126c4a0832a1c7885dc27cf.jpg,2026-09-11 16:06:30.624968,books.toscrape.com
Slow States of Collapse: Poems,57.31,£57.31,3,In stock,https://books.toscrape.com/slow-states-of-collapse-poems_960/index.html,https://books.toscrape.com/media/cache/72/41/72417db983862010ef0c1a25de98c7d7.jpg,2026-09-11 16:06:30.624968,books.toscrape.com
Reasons to Stay Alive,26.41,£26.41,2,In stock,https://books.toscrape.com/reasons-to-stay-alive_959/index.html,https://books.toscrape.com/media/cache/cb/bd/cbbdb0222ee8a0f6ab61657412a15794.jpg,2026-09-11 16:06:30.624968,books.toscrape.com
Private Paris (Private #10),47.61,£47.61,5,In stock,https://books.toscrape.com/private-paris-private-10_958/index.html,https://books.toscrape.com/media/cache/9d/05/9d0533bae1578846d728a82913b95c26.jpg,2026-09-11 16:06:30.624968,books.toscrape.com
#HigherSelfie: Wake Up Your Life. Free Your Soul. Find Your Tribe.,23.11,£23.11,5,In stock,https://books.toscrape.com/higherselfie-wake-up-your-life-free-your-soul-find-your-tribe_957/index.html,https://books.toscrape.com/media/cache/9c/46/9c463c7631c82401160fd3b554b8f0e1.jpg,2026-09-11 16:06:30.624968,books.toscrape.com
Without Borders (Wanderlove #1),45.07,£45.07,2,In stock,https://books.toscrape.com/without-borders-wanderlove-1_956/index.html,https://books.toscrape.com/media/cache/24/e2/24e2f5c9d325c4004d8190c054da86dd.jpg,2026-09-11 16:06:30.624968,books.toscrape.com
When We Collided,31.77,£31.77,1,In stock,https://books.toscrape.com/when-we-collided_955/index.html,https://books.toscrape.com/media/cache/08/04/08044269fc197645268a6197c57e6173.jpg,2026-09-11 16:06:30.624968,books.toscrape.com
"We Love You, Charlie Freeman",50.27,£50.27,5,In stock,https://books.toscrape.com/we-love-you-charlie-freeman_954/index.html,https://books.toscrape.com/media/cache/5f/15/5f152afdbc42356ecba02f61058a7e5b.jpg,2026-09-11 16:06:30.624968,books.toscrape.com
Untitled Collection: Sabbath Poems 2014,14.27,£14.27,4,In stock,https://books.toscrape.com/untitled-collection-sabbath-poems-2014_953/index.html,https://books.toscrape.com/media/cache/f9/3b/f93b4a650f03a5d21f2436d7813f42c2.jpg,2026-09-11 16:06:30.624968,books.toscrape.com
"Unseen City: The Majesty of Pigeons, the Discreet Charm of Snails & Other Wonders of the Urban Wilderness",44.18,£44.18,4,In stock,https://books.toscrape.com/unseen-city-the-majesty-of-pigeons-the-discreet-charm-of-snails-other-wonders-of-the-urban-wilderness_952/index.html,https://books.toscrape.com/media/cache/41/a2/41a20f35adf0caea24f208dc01ad7681.jpg,2026-09-11 16:06:30.624968,books.toscrape.com
Unicorn Tracks,18.78,£18.78,3,In stock,https://books.toscrape.com/unicorn-tracks_951/index.html,https://books.toscrape.com/media/cache/76/8e/768ea5924ac1ef6297c2be9959c796c2.jpg,2026-09-11 16:06:30.624968,books.toscrape.com
"Unbound: How Eight Technologies Made Us Human, Transformed Society, and Brought Our World to the Brink",25.52,£25.52,1,In stock,https://books.toscrape.com/unbound-how-eight-technologies-made-us-human-transformed-society-and-brought-our-world-to-the-brink_950/index.html,https://books.toscrape.com/media/cache/4a/3b/4a3b055f9e378a95fedbef55e7bab7ce.jpg,2026-09-11 16:06:30.624968,books.toscrape.com
Tsubasa: WoRLD CHRoNiCLE 2 (Tsubasa WoRLD CHRoNiCLE #2),16.28,£16.28,1,In stock,https://books.toscrape.com/tsubasa-world-chronicle-2-tsubasa-world-chronicle-2_949/index.html,https://books.toscrape.com/media/cache/36/df/36df4caaf1420b1183a8235355d39e69.jpg,2026-09-11 16:06:30.624968,books.toscrape.com
Throwing Rocks at the Google Bus: How Growth Became the Enemy of Prosperity,31.12,£31.12,3,In stock,https://books.toscrape.com/throwing-rocks-at-the-google-bus-how-growth-became-the-enemy-of-prosperity_948/index.html,https://books.toscrape.com/media/cache/03/86/038650c9e7517b4baf2a423cd8eed38f.jpg,2026-09-11 16:06:30.624968,books.toscrape.com
This One Summer,19.49,£19.49,4,In stock,https://books.toscrape.com/this-one-summer_947/index.html,https://books.toscrape.com/media/cache/c4/dd/c4ddd9ced89966b0602ec85e00cd5b61.jpg,2026-09-11 16:06:30.624968,books.toscrape.com
Thirst,17.27,£17.27,5,In stock,https://books.toscrape.com/thirst_946/index.html,https://books.toscrape.com/media/cache/c4/0a/c40a64f59e7487b1a80a049f6ceb2ba5.jpg,2026-09-11 16:06:30.624968,books.toscrape.com
The Torch Is Passed: A Harding Family Story,19.09,£19.09,1,In stock,https://books.toscrape.com/the-torch-is-passed-a-harding-family-story_945/index.html,https://books.toscrape.com/media/cache/33/e5/33e507172541628acfd421503196b578.jpg,2026-09-11 16:06:30.624968,books.toscrape.com
The Secret of Dreadwillow Carse,56.13,£56.13,1,In stock,https://books.toscrape.com/the-secret-of-dreadwillow-carse_944/index.html,https://books.toscrape.com/media/cache/c4/a2/c4a2a1a026c67bcceb5a411c724d7d0c.jpg,2026-09-11 16:06:30.624968,books.toscrape.com
"The Pioneer Woman Cooks: Dinnertime: Comfort Classics, Freezer Food, 16-Minute Meals, and Other Delicious Ways to Solve Supper!",56.41,£56.41,1,In stock,https://books.toscrape.com/the-pioneer-woman-cooks-dinnertime-comfort-classics-freezer-food-16-minute-meals-and-other-delicious-ways-to-solve-supper_943/index.html,https://books.toscrape.com/media/cache/b7/f4/b7f4843dbe062d44be1ffcfa16b2faa4.jpg,2026-09-11 16:06:30.624968,books.toscrape.com
The Past Never Ends,56.5,£56.50,4,In stock,https://books.toscrape.com/the-past-never-ends_942/index.html,https://books.toscrape.com/media/cache/89/b8/89b850edb01851a91f64ba114b96acb6.jpg,2026-09-11 16:06:30.624968,books.toscrape.com
The Natural History of Us (The Fine Art of Pretending #2),45.22,£45.22,3,In stock,https://books.toscrape.com/the-natural-history-of-us-the-fine-art-of-pretending-2_941/index.html,https://books.toscrape.com/media/cache/5d/7f/5d7f496cdf5e5962a73ecdcc1505c1d5.jpg,2026-09-11 16:06:30.624968,books.toscrape.com
The Nameless City (The Nameless City #1),38.16,£38.16,4,In stock,https://books.toscrape.com/the-nameless-city-the-nameless-city-1_940/index.html,https://books.toscrape.com/media/cache/f4/79/f479de5f305c2ac0512702cf7155bb74.jpg,2026-09-11 16:06:30.624968,books.toscrape.com
The Murder That Never Was (Forensic Instincts #5),54.11,£54.11,3,In stock,https://books.toscrape.com/the-murder-that-never-was-forensic-instincts-5_939/index.html,https://books.toscrape.com/media/cache/dc/44/dc44f8e2aebac48ca8553814d9b021a8.jpg,2026-09-11 16:06:30.624968,books.toscrape.com
The Most Perfect Thing: Inside (and Outside) a Bird's Egg,42.96,£42.96,4,In stock,https://books.toscrape.com/the-most-perfect-thing-inside-and-outside-a-birds-egg_938/index.html,https://books.toscrape.com/media/cache/d4/8d/d48d5122a15347e9fe2b15ad354d69bf.jpg,2026-09-11 16:06:30.624968,books.toscrape.com
"The Mindfulness and Acceptance Workbook for Anxiety: A Guide to Breaking Free from Anxiety, Phobias, and Worry Using Acceptance and Commitment Therapy",23.89,£23.89,4,In stock,https://books.toscrape.com/the-mindfulness-and-acceptance-workbook-for-anxiety-a-guide-to-breaking-free-from-anxiety-phobias-and-worry-using-acceptance-and-commitment-therapy_937/index.html,https://books.toscrape.com/media/cache/f8/6d/f86d08178e3788563ac17be5aefd29f0.jpg,2026-09-11 16:06:30.624968,books.toscrape.com
The Life-Changing Magic of Tidying Up: The Japanese Art of Decluttering and Organizing,16.77,£16.77,3,In stock,https://books.toscrape.com/the-life-changing-magic-of-tidying-up-the-japanese-art-of-decluttering-and-organizing_936/index.html,https://books.toscrape.com/media/cache/95/64/95647d6a526bf54120b9445e124794e1.jpg,2026-09-11 16:06:30.624968,books.toscrape.com
"The Inefficiency Assassin: Time Management Tactics for Working Smarter, Not Longer",20.59,£20.59,5,In stock,https://books.toscrape.com/the-inefficiency-assassin-time-management-tactics-for-working-smarter-not-longer_935/index.html,https://books.toscrape.com/media/cache/75/dc/75dce2f5949b407161f37f0af249b018.jpg,2026-09-11 16:06:30.624968,books.toscrape.com
The Gutsy Girl: Escapades for Your Life of Epic Adventure,37.13,£37.13,1,In stock,https://books.toscrape.com/the-gutsy-girl-escapades-for-your-life-of-epic-adventure_934/index.html,https://books.toscrape.com/media/cache/64/15/641570cd7e7aded53c7d33d78a9629f1.jpg,2026-09-11 16:06:30.624968,books.toscrape.com
The Electric Pencil: Drawings from Inside State Hospital No. 3,56.06,£56.06,1,In stock,https://books.toscrape.com/the-electric-pencil-drawings-from-inside-state-hospital-no-3_933/index.html,https://books.toscrape.com/media/cache/2e/23/2e236e23ad52aa74505f224f6552eda8.jpg,2026-09-11 16:06:30.624968,books.toscrape.com
The Death of Humanity: and the Case for Life,58.11,£58.11,4,In stock,https://books.toscrape.com/the-death-of-humanity-and-the-case-for-life_932/index.html,https://books.toscrape.com/media/cache/71/df/71df730cf38c232ee58a2e407135f055.jpg,2026-09-11 16:06:30.624968,books.toscrape.com
"The Bulletproof Diet: Lose up to a Pound a Day, Reclaim Energy and Focus, Upgrade Your Life",49.05,£49.05,3,In stock,https://books.toscrape.com/the-bulletproof-diet-lose-up-to-a-pound-a-day-reclaim-energy-and-focus-upgrade-your-life_931/index.html,https://books.toscrape.com/media/cache/ee/3e/ee3e219d23e73ba71c79b700f183aaed.jpg,2026-09-11 16:06:30.624968,books.toscrape.com
The Art Forger,40.76,£40.76,3,In stock,https://books.toscrape.com/the-art-forger_930/index.html,https://books.toscrape.com/media/cache/70/fa/70fa6c0437d9c97dbeada6bd32bf9d2c.jpg,2026-09-11 16:06:30.624968,books.toscrape.com
The Age of Genius: The Seventeenth Century and the Birth of the Modern Mind,19.73,£19.73,1,In stock,https://books.toscrape.com/the-age-of-genius-the-seventeenth-century-and-the-birth-of-the-modern-mind_929/index.html,https://books.toscrape.com/media/cache/2d/4e/2d4e358712e6c9f1d3bdd78d1a16e5a8.jpg,2026-09-11 16:06:30.624968,books.toscrape.com
The Activist's Tao Te Ching: Ancient Advice for a Modern Revolution,32.24,£32.24,5,In stock,https://books.toscrape.com/the-activists-tao-te-ching-ancient-advice-for-a-modern-revolution_928/index.html,https://books.toscrape.com/media/cache/96/db/96db61bb53930c560fb4c1c62b583816.jpg,2026-09-11 16:06:30.624968,books.toscrape.com
Spark Joy: An Illustrated Master Class on the Art of Organizing and Tidying Up,41.83,£41.83,4,In stock,https://books.toscrape.com/spark-joy-an-illustrated-master-class-on-the-art-of-organizing-and-tidying-up_927/index.html,https://books.toscrape.com/media/cache/f3/4f/f34ffb24cc21c9f9f52dad4fd8f3ac21.jpg,2026-09-11 16:06:30.624968,books.toscrape.com
Soul Reader,39.58,£39.58,2,In stock,https://books.toscrape.com/soul-reader_926/index.html,https://books.toscrape.com/media/cache/69/85/69852567cf97264a1442cbc882c84903.jpg,2026-09-11 16:06:30.624968,books.toscrape.com
Security,39.25,£39.25,2,In stock,https://books.toscrape.com/security_925/index.html,https://books.toscrape.com/media/cache/da/df/dadfac66a89774b46b10225362724c83.jpg,2026-09-11 16:06:30.624968,books.toscrape.com
"Saga, Volume 6 (Saga (Collected Editions) #6)",25.02,£25.02,3,In stock,https://books.toscrape.com/saga-volume-6-saga-collected-editions-6_924/index.html,https://books.toscrape.com/media/cache/43/ae/43aee83ebb31e2122a7215e413770e5c.jpg,2026-09-11 16:06:30.624968,books.toscrape.com
"Saga, Volume 5 (Saga (Collected Editions) #5)",51.04,£51.04,2,In stock,https://books.toscrape.com/saga-volume-5-saga-collected-editions-5_923/index.html,https://books.toscrape.com/media/cache/e1/ea/e1ea6cb36e62ae6dc7b805f68ab9a700.jpg,2026-09-11 16:06:30.624968,books.toscrape.com
Reskilling America: Learning to Labor in the Twenty-First Century,19.83,£19.83,2,In stock,https://books.toscrape.com/reskilling-america-learning-to-labor-in-the-twenty-first-century_922/index.html,https://books.toscrape.com/media/cache/97/f8/97f8debeeaaece9603267653076e760f.jpg,2026-09-11 16:06:30.624968,books.toscrape.com
"Rat Queens, Vol. 3: Demons (Rat Queens (Collected Editions) #11-15)",50.4,£50.40,3,In stock,https://books.toscrape.com/rat-queens-vol-3-demons-rat-queens-collected-editions-11-15_921/index.html,https://books.toscrape.com/media/cache/f3/ef/f3efd43ae0fa85d9b325d5e8783e7af5.jpg,2026-09-11 16:06:30.624968,books.toscrape.com
"Princess Jellyfish 2-in-1 Omnibus, Vol. 01 (Princess Jellyfish 2-in-1 Omnibus #1)",13.61,£13.61,5,In stock,https://books.toscrape.com/princess-jellyfish-2-in-1-omnibus-vol-01-princess-jellyfish-2-in-1-omnibus-1_920/index.html,https://books.toscrape.com/media/cache/78/0b/780b2c28122750c2c383846155815bf7.jpg,2026-09-11 16:06:30.624968,books.toscrape.com
Princess Between Worlds (Wide-Awake Princess #5),13.34,£13.34,5,In stock,https://books.toscrape.com/princess-between-worlds-wide-awake-princess-5_919/index.html,https://books.toscrape.com/media/cache/b7/e8/b7e84b78be3d9bb79b71156a5e5d4e42.jpg,2026-09-11 16:06:30.624968,books.toscrape.com
"Pop Gun War, Volume 1: Gift",18.97,£18.97,1,In stock,https://books.toscrape.com/pop-gun-war-volume-1-gift_918/index.html,https://books.toscrape.com/media/cache/c8/2f/c82f629a31b3f47bdb17ac14aa51076d.jpg,2026-09-11 16:06:30.624968,books.toscrape.com
"Political Suicide: Missteps, Peccadilloes, Bad Calls, Backroom Hijinx, Sordid Pasts, Rotten Breaks, and Just Plain Dumb Mistakes in the Annals of American Politics",36.28,£36.28,2,In stock,https://books.toscrape.com/political-suicide-missteps-peccadilloes-bad-calls-backroom-hijinx-sordid-pasts-rotten-breaks-and-just-plain-dumb-mistakes-in-the-annals-of-american-politics_917/index.html,https://books.toscrape.com/media/cache/64/44/6444dacdcb9edaadbbd691524622aeb8.jpg,2026-09-11 16:06:30.624968,books.toscrape.com
Patience,10.16,£10.16,3,In stock,https://books.toscrape.com/patience_916/index.html,https://books.toscrape.com/media/cache/01/72/01726c619a05114dca75bd840095016d.jpg,2026-09-11 16:06:30.624968,books.toscrape.com
"Outcast, Vol. 1: A Darkness Surrounds Him (Outcast #1)",15.44,£15.44,4,In stock,https://books.toscrape.com/outcast-vol-1-a-darkness-surrounds-him-outcast-1_915/index.html,https://books.toscrape.com/media/cache/cb/00/cb004189f548d75ad430d3ed19e6daa9.jpg,2026-09-11 16:06:30.624968,books.toscrape.com
orange: The Complete Collection 1 (orange: The Complete Collection #1),48.41,£48.41,1,In stock,https://books.toscrape.com/orange-the-complete-collection-1-orange-the-complete-collection-1_914/index.html,https://books.toscrape.com/media/cache/03/88/03886a8502ca54dbce0d91c2568ab69d.jpg,2026-09-11 16:06:30.624968,books.toscrape.com
Online Marketing for Busy Authors: A Step-By-Step Guide,46.35,£46.35,1,In stock,https://books.toscrape.com/online-marketing-for-busy-authors-a-step-by-step-guide_913/index.html,https://books.toscrape.com/media/cache/ea/9b/ea9b2cb8abbb317402e618445bade1e1.jpg,2026-09-11 16:06:30.624968,books.toscrape.com
On a Midnight Clear,14.07,£14.07,3,In stock,https://books.toscrape.com/on-a-midnight-clear_912/index.html,https://books.toscrape.com/media/cache/a1/14/a114d70e7babf110ba42a389078e9a45.jpg,2026-09-11 16:06:30.624968,books.toscrape.com
Obsidian (Lux #1),14.86,£14.86,2,In stock,https://books.toscrape.com/obsidian-lux-1_911/index.html,https://books.toscrape.com/media/cache/fc/72/fc72f158554b4b4164701e1dfa1153c7.jpg,2026-09-11 16:06:30.624968,books.toscrape.com
My Paris Kitchen: Recipes and Stories,33.37,£33.37,2,In stock,https://books.toscrape.com/my-paris-kitchen-recipes-and-stories_910/index.html,https://books.toscrape.com/media/cache/f5/65/f565af3d9dd20a1ad72a1e7c4157387d.jpg,2026-09-11 16:06:30.624968,books.toscrape.com
Masks and Shadows,56.4,£56.40,2,In stock,https://books.toscrape.com/masks-and-shadows_909/index.html,https://books.toscrape.com/media/cache/ff/e8/ffe81bf98f8386ef29e193abfb6f9c1e.jpg,2026-09-11 16:06:30.624968,books.toscrape.com
"Mama Tried: Traditional Italian Cooking for the Screwed, Crude, Vegan, and Tattooed",14.02,£14.02,4,In stock,https://books.toscrape.com/mama-tried-traditional-italian-cooking-for-the-screwed-crude-vegan-and-tattooed_908/index.html,https://books.toscrape.com/media/cache/10/c6/10c61093002db1fec4089d8076678624.jpg,2026-09-11 16:06:30.624968,books.toscrape.com
"Lumberjanes, Vol. 2: Friendship to the Max (Lumberjanes #5-8)",46.91,£46.91,2,In stock,https://books.toscrape.com/lumberjanes-vol-2-friendship-to-the-max-lumberjanes-5-8_907/index.html,https://books.toscrape.com/media/cache/d3/15/d3158e8d3546fb90cced3c1d44a92a34.jpg,2026-09-11 16:06:30.624968,books.toscrape.com
"Lumberjanes, Vol. 1: Beware the Kitten Holy (Lumberjanes #1-4)",45.61,£45.61,3,In stock,https://books.toscrape.com/lumberjanes-vol-1-beware-the-kitten-holy-lumberjanes-1-4_906/index.html,https://books.toscrape.com/media/cache/7e/a0/7ea062007ef00107e3c16d336b41fab2.jpg,2026-09-11 16:06:30.624968,books.toscrape.com
Lumberjanes Vol. 3: A Terrible Plan (Lumberjanes #9-12),19.92,£19.92,2,In stock,https://books.toscrape.com/lumberjanes-vol-3-a-terrible-plan-lumberjanes-9-12_905/index.html,https://books.toscrape.com/media/cache/5f/b1/5fb1bf88dcfda795606745ce35be5975.jpg,2026-09-11 16:06:30.624968,books.toscrape.com
"Layered: Baking, Building, and Styling Spectacular Cakes",40.11,£40.11,1,In stock,https://books.toscrape.com/layered-baking-building-and-styling-spectacular-cakes_904/index.html,https://books.toscrape.com/media/cache/98/d1/98d1c979c4bac9e147a6718946578b0f.jpg,2026-09-11 16:06:30.624968,books.toscrape.com
Judo: Seven Steps to Black Belt (an Introductory Guide for Beginners),53.9,£53.90,2,In stock,https://books.toscrape.com/judo-seven-steps-to-black-belt-an-introductory-guide-for-beginners_903/index.html,https://books.toscrape.com/media/cache/5f/52/5f52b1bc6d45daab2e330c744feb0359.jpg,2026-09-11 16:06:30.624968,books.toscrape.com
Join,35.67,£35.67,5,In stock,https://books.toscrape.com/join_902/index.html,https://books.toscrape.com/media/cache/93/63/9363f0065fbad5689f44fcf6e203eef3.jpg,2026-09-11 16:06:30.624968,books.toscrape.com
In the Country We Love: My Family Divided,22.0,£22.00,4,In stock,https://books.toscrape.com/in-the-country-we-love-my-family-divided_901/index.html,https://books.toscrape.com/media/cache/fe/ea/feeafd2ad7b3077f8e74cbb1da9e3c7d.jpg,2026-09-11 16:06:30.624968,books.toscrape.com
